id,username,date,time,tweet,place,geo,replies_count,retweets_count,likes_count,mentions
1254681226146770945,turnbullmalcolm,2020-04-27,15:58:09,Jess I am reading your book now. It‚Äôs outstanding. Strongly recommend it.,,,5,11,160,['jessradio']
1254553414647742464,turnbullmalcolm,2020-04-27,07:30:17,Well said Eytan and thanks to Singapore PM @leehsienloong for making it available - a good example of the international collaboration we need more of to beat this virus. https://twitter.com/eytanlenko/status/1254548627982172160¬†‚Ä¶,,,11,11,90,['leehsienloong']
1254394094375198720,turnbullmalcolm,2020-04-26,20:57:12,Thank you Eman.,,,0,0,2,['emanhalilovic']
1254365846849220609,turnbullmalcolm,2020-04-26,19:04:57,#covidsafe ‚úÖ,,,60,43,888,[]
1254355229308420096,turnbullmalcolm,2020-04-26,18:22:46,Thank you teachers! #teachersrock https://twitter.com/annabelcrabb/status/1254320164960530442¬†‚Ä¶,,,26,53,442,[]
1254195683608780800,turnbullmalcolm,2020-04-26,07:48:47,"The borderless world we once knew is rapidly disappearing in the age of Covid-19, writes the Journal‚Äôs chief foreign affairs correspondent @yarotrof https://www.wsj.com/articles/a-world-of-hardening-borders-11587135761¬†‚Ä¶",,,29,12,71,['yarotrof']
1254193280524226560,turnbullmalcolm,2020-04-26,07:39:14,The Economist | How previous contagions changed cities via @TheEconomist https://www.economist.com/node/21784488?frsc=dg%7Ce¬†‚Ä¶,,,8,12,60,['theeconomist']
1254173399749812224,turnbullmalcolm,2020-04-26,06:20:14,Malcolm Turnbull in Conversation with Annabel Crabb - 7 pm Monday. https://www.swf.org.au/festivals/2020-21/malcolm-turnbull-in-conversation-with-annabel-crabb/¬†‚Ä¶,,,22,11,123,[]
1253798224944435200,turnbullmalcolm,2020-04-25,05:29:25,via @NYTimes https://www.nytimes.com/2020/04/24/nyregion/phil-murphy-coronavirus.html?referringSource=articleShare¬†‚Ä¶,,,3,2,17,['nytimes']
1253525195760865280,turnbullmalcolm,2020-04-24,11:24:30,Of course I shouldn‚Äôt expect civility on twitter. Far too idealistic,,,166,8,43,"['yathinkn', 'noplaceforsheep']"
1253521476029829121,turnbullmalcolm,2020-04-24,11:09:43,I should say I don‚Äôt recall your telling me it was being recorded - if you did it will no doubt be on the tape but nonetheless would appreciate a copy.,,,3,1,9,"['troybramston', 'vanonselenp']"
1253514335713812480,turnbullmalcolm,2020-04-24,10:41:21,"Jim, all my time in public life I have condemned racism and defended and advanced the values of our multicultural society. I encourage you and others to read my book.",,,115,1,20,"['jimmalo7', 'grogsgamut']"
1253504109983883264,turnbullmalcolm,2020-04-24,10:00:43,"Spare us your feigned indignation Troy, please send me the audio file of the interview you didn‚Äôt tell me you were recording and which you have written about it so graphically",,,10,3,26,"['troybramston', 'vanonselenp']"
1253502064690262017,turnbullmalcolm,2020-04-24,09:52:35,"Responding to your point about diversity: diversity is not The Australian occasionally allowing a columnist to express mild dissent from the party line. Diversity means a range of media platforms owned by different groups and, ideally, dedicated to high standards of journalism",,,15,0,32,"['troybramston', 'australian', 'vanonselenp']"
1253501221467373570,turnbullmalcolm,2020-04-24,09:49:14,"Thanks Troy, look forward to your sending me a copy of the audio file you recorded.",,,0,0,8,"['troybramston', 'australian', 'vanonselenp']"
1253500603449241601,turnbullmalcolm,2020-04-24,09:46:47,"Asher, there is a chapter on NBN in my book which sets out my views on it all, can‚Äôt do it justice in a tweet (I know I am wordy:-))",,,0,0,1,['ashermoses']
1253499267349573632,turnbullmalcolm,2020-04-24,09:41:28,"If we had stuck to the original FTTP plan, the project would now be half built, so half the country would be on ADSL - a complete disaster at this time especially. The MTM strategy was the right one and has been proved to be.",,,59,0,3,"['ashermoses', 'grogsgamut']"
1253498365666422786,turnbullmalcolm,2020-04-24,09:37:53,"Anyway, thanks for encouraging people to read the book, and my views on media, diversity and journalism in this crazy era are all set out there in some greater detail than twitter allows.",,,4,1,14,['troybramston']
1253498156966240256,turnbullmalcolm,2020-04-24,09:37:04,"The point about partisanship is that you did not appear to understand the importance of diversity in the media and the value of quality journalism per se, as opposed to see media as a tool of political, partisan propaganda.",,,6,0,11,['troybramston']
1253493932693938177,turnbullmalcolm,2020-04-24,09:20:17,"Asher I just reread that blog from 2013 and the point about 25 mbps was simply that that was the speed which the Labor Govt had proposed as the upper limit of speed for the regions where fixed wireless and satellite were deployed. It‚Äôs a statement of fact, no more or less.",,,9,0,4,"['ashermoses', 'grogsgamut']"
1253491016780312576,turnbullmalcolm,2020-04-24,09:08:41,"Troy I dont agree with that account, but I do recall your indignant amazement that I would encourage the establishment of the Guardian even though it did not support me politically. I was surprised that you had been so taken in by the partisanship of your employer.",,,10,3,18,['troybramston']
1253489215574167553,turnbullmalcolm,2020-04-24,09:01:32,I don‚Äôt understand how someone who writes thoughtfully on economics in the Guardian can be so unpleasantly abusive on Twitter. It says a lot for the quality of the editorial oversight at the Guardian I suppose.,,,295,3,60,['grogsgamut']
1253483705307328512,turnbullmalcolm,2020-04-24,08:39:38,"Greg, i think if you read what I said at the time it was carefully stated. Just like some people are careless about dates (let alone make sweeping fact free criticism on twitter), others don‚Äôt read what I said as opposed to what others say I said. #wordsmatter",,,49,4,33,['grogsgamut']
1253481813709742080,turnbullmalcolm,2020-04-24,08:32:07,Rolling out faster is not pointless - unless you think having half the country left on ADSL during this crisis would be of no concern.,,,19,0,1,"['alexwantscoffee', 'grogsgamut']"
1253480382164422657,turnbullmalcolm,2020-04-24,08:26:26,"Thanks Greg, I hope the historical commentary will at least get the dates right :-)",,,17,1,83,['grogsgamut']
1253126715099893760,turnbullmalcolm,2020-04-23,09:01:05,Hooray for Arwen (parents obviously LOTR fans),,,1,0,5,"['gingergorman', 'abigailbelfrage', 'lucyturnbull_ao', 'hardiegrant']"
1252562198636818432,turnbullmalcolm,2020-04-21,19:37:54,I will sign it for you when I get back to the UK - after the pandemic!,,,2,0,0,['novamariejw']
1252561233942769666,turnbullmalcolm,2020-04-21,19:34:04,Thanks Nova you can buy it in the UK and of course it‚Äôs available on kindle. No need to ship from Australia,,,2,0,0,['novamariejw']
1252130758036094976,turnbullmalcolm,2020-04-20,15:03:30,Thanks Peter! https://twitter.com/peter_fitz/status/1252117700333060096¬†‚Ä¶,,,212,88,1270,[]
1251631365230956544,turnbullmalcolm,2020-04-19,05:59:06,"‚ÄúWe need to get kids back to school, and the government needs to come up with a way of doing that under the ""new normal"". Regardless.. our approach to teachers must be steeped in respect for their strength, agility and role as frontline workers during this crisis.‚Äù https://twitter.com/mrsdztb/status/1251595789253533697¬†‚Ä¶",,,155,46,389,[]
1251434416691245058,turnbullmalcolm,2020-04-18,16:56:30,Very prophetic!,,,15,4,403,['gladysb']
1251267107464986625,turnbullmalcolm,2020-04-18,05:51:40,"Leigh Sales interviews me in a vast surreal studio with everyone metres apart. Goes to air Monday on 730 ABC. Something to check: I favourably mentioned Annabel Crabb three times. ‚ÄúI‚Äùll cut them all out!‚Äù Leigh said with a smile, I think. pic.twitter.com/2gGXnJvw7y",,,364,162,2489,[]
1250756061746749442,turnbullmalcolm,2020-04-16,20:00:57,Thanks Alan! Great work by @KathViner @lenoretaylor & @murpharoo and the team they have built up since then. https://twitter.com/arusbridger/status/1250727441297014784¬†‚Ä¶,,,36,64,396,"['kathviner', 'lenoretaylor', 'murpharoo']"
1250714881566732288,turnbullmalcolm,2020-04-16,17:17:19,üôè,,,3,0,4,"['raziashaik1', '9newsaus']"
1250714436781793281,turnbullmalcolm,2020-04-16,17:15:33,Thanks Michael! https://twitter.com/mjrowland68/status/1250658805060235264¬†‚Ä¶,,,86,49,568,[]
1250328975370383363,turnbullmalcolm,2020-04-15,15:43:52,Definitely good idea about the drink Kathy! More opportunities for same here  https://www.malcolmturnbullbook.com/tour¬† https://twitter.com/Informanizer/status/1250326109696090113¬†‚Ä¶,,,16,3,39,[]
1250216252728995841,turnbullmalcolm,2020-04-15,08:15:57,The thoroughly socially distanced book tour is taking shape! Looking forward to it! #abiggerpicture  https://www.malcolmturnbullbook.com/tour¬†,,,55,16,110,[]
1250212434813452288,turnbullmalcolm,2020-04-15,08:00:46,Tackling climate change is vital for the strongest economic recovery after coronavirus https://www.theguardian.com/commentisfree/2020/apr/14/reckoning-with-climate-change-will-support-the-strongest-possible-economic-recovery-after-coronavirus?CMP=Share_iOSApp_Other¬†‚Ä¶,,,185,139,563,[]
1250033723967328257,turnbullmalcolm,2020-04-14,20:10:38,Sure!,,,0,0,2,['carolduncan']
1249984249320493059,turnbullmalcolm,2020-04-14,16:54:03,And I love you too! https://twitter.com/MrsDzTB/status/1249976788513460224¬†‚Ä¶,,,64,15,550,[]
1249894032320294912,turnbullmalcolm,2020-04-14,10:55:33,Thank you Phil!,,,0,0,4,['philipdalidakis']
1249890131621761031,turnbullmalcolm,2020-04-14,10:40:03,"Gosh it‚Äôs a worry that you have to explain you were joking! Great to hear from you, given your Hellenic background I think a Byzantine court title would be best -œÄŒ±ŒΩœÖœÄŒµœÅœÉŒµŒ≤Œ±œÉœÑŒøœÇ (panhypersebastos) perhaps?",,,1,0,6,['philipdalidakis']
1249847460085633026,turnbullmalcolm,2020-04-14,07:50:30,Looking forward to our chat too @murpharoo ! https://twitter.com/murpharoo/status/1249842997203619840¬†‚Ä¶,,,10,4,70,['murpharoo']
1249523146308243458,turnbullmalcolm,2020-04-13,10:21:47,My  book isn‚Äôt out until next Monday but here are the contents pages! The virtual book tour will be interesting - trying to work out how to do a live event from my kayak! #abiggerpicture pic.twitter.com/9lyRY7dM8e,,,977,190,1820,[]
1249437380437635072,turnbullmalcolm,2020-04-13,04:40:59,Recovered @BorisJohnson says thank you to the NHS for saving his life. Welcome back Boris! https://twitter.com/BorisJohnson/status/1249336590482243585¬†‚Ä¶,,,33,17,253,['borisjohnson']
1249266539141795840,turnbullmalcolm,2020-04-12,17:22:07,via @NYTOpinion https://www.nytimes.com/2020/04/11/opinion/sunday/coronavirus-hospitals-bronx.html?referringSource=articleShare¬†‚Ä¶,,,13,7,48,['nytopinion']
1248547870094946304,turnbullmalcolm,2020-04-10,17:46:23,Only ten days to go before @HardieGrant release my memoir - after so many months of writing and editing great to have the book - printed in Australia too! #abiggerpicture pic.twitter.com/qNjS77xhbJ,,,859,125,1517,['hardiegrant']
1248519320864350212,turnbullmalcolm,2020-04-10,15:52:57,"Not just Australia of course Bill, but cruise ships provide the ideal contagious environment together with, generally, older passenger - the most vulnerable demographic.",,,3,0,17,"['billbowtell', 'abcnews', 'sevennetwork', 'politics_smhage']"
1248218435437203461,turnbullmalcolm,2020-04-09,19:57:20,"Why did cruises continue after the Diamond Princess was quarantined on 4 February? Revealed: 6,000 passengers on cruise ships despite coronavirus crisis https://www.theguardian.com/environment/2020/apr/09/revealed-6000-passengers-on-cruise-ships-at-sea-despite-coronavirus-crisis?CMP=Share_iOSApp_Other¬†‚Ä¶",,,190,242,762,[]
1247473926042562560,turnbullmalcolm,2020-04-07,18:38:55,Well said Julia. https://twitter.com/JuliaGillard/status/1247428692952805376¬†‚Ä¶,,,99,335,3036,[]
1247460095081865217,turnbullmalcolm,2020-04-07,17:43:58,Take care Bevan and get well soon!,,,1,1,62,"['bevanshields', 'gallo_ways', 'mrseankelly']"
1246907386079539201,turnbullmalcolm,2020-04-06,05:07:41,Unfortunately this is behind a pay wall but @mrjoeaston does set out the history.,,,111,3,43,['mrjoeaston']
1246906568831987712,turnbullmalcolm,2020-04-06,05:04:27,"Kevin Rudd's NBN lies, redux http://www.afr.com/brand/rear-window/kevin-rudd-s-nbn-lies-redux-20200405-p54h78?btis¬†‚Ä¶",,,545,30,173,[]
1246621669541548034,turnbullmalcolm,2020-04-05,10:12:21,Just for the record we are on HFC,,,11,0,5,"['craig03470710', 'd7b', 'mrkrudd']"
1246524279933427713,turnbullmalcolm,2020-04-05,03:45:22,'Gruffalo stayed in the cave': Axel Scheffler and Julia Donaldson's coronavirus cartoons https://www.theguardian.com/books/gallery/2020/apr/04/gruffalo-axel-scheffler-and-julia-donaldsons-coronavirus-cartoons?CMP=Share_iOSApp_Other¬†‚Ä¶,,,6,19,103,[]
1246175336405938176,turnbullmalcolm,2020-04-04,04:38:47,The denial of science by the populist right imperils our lives and our democracy. Scientist @amirhusain_tx describes how denialism has eroded American authority and leadership. https://twitter.com/amirhusain_tx/status/1245844850664226816¬†‚Ä¶,,,140,155,700,['amirhusain_tx']
1246006943786733573,turnbullmalcolm,2020-04-03,17:29:39,the part of the network which faces most pressure is the fixed wireless in regional and peri-urban areas. This was part of Labor‚Äôs plan (like the satellite) we did not change. Concurrent streaming at current levels not anticipated a decade ago. Addressing this ia high priority.,,,81,1,13,['rhysam']
1245997915329277953,turnbullmalcolm,2020-04-03,16:53:47,So Kevin‚Äôs conspiracy theory is nonsense. Streaming has smashed pay TV models around the world. In that sense the NBN‚Äôs earlier completion means it got smashed here sooner.,,,61,8,31,['rhysam']
1245997512739016705,turnbullmalcolm,2020-04-03,16:52:11,But the key point is this: our approach to NBN meant millions more Australians got high speed broadband sooner and cheaper than would have happened under labor. Streaming which is what was smashed the pay TV business became available to more Australians sooner,,,381,10,52,['rhysam']
1245996727494041606,turnbullmalcolm,2020-04-03,16:49:03,Okay. One more time. If Labor‚Äôs plan had continued half of australia would still be on ADSL. Thanks to our plan the NBN is almost finished. Over 90% can get 50 mbps and almost all can get 25 mbps. 1/2,,,1670,28,128,['rhysam']
1245156901857312768,turnbullmalcolm,2020-04-01,09:11:53,Thank you Gladys! https://twitter.com/GladysB/status/1245156361433796609¬†‚Ä¶,,,21,6,126,[]
1245103211813302272,turnbullmalcolm,2020-04-01,05:38:33,Hooray for Bluey! https://twitter.com/Daley_Pearson/status/1244969792101990400¬†‚Ä¶,,,10,9,223,[]
1244934753783910401,turnbullmalcolm,2020-03-31,18:29:09,"That‚Äôs good news!. Norman thank you for your calm, clear and consistently well informed commentary. https://twitter.com/normanswan/status/1244760931977973760¬†‚Ä¶",,,34,38,736,[]
1244504918897000449,turnbullmalcolm,2020-03-30,14:01:09,This is a very good decision @ScottMorrisonMP and @JoshFrydenberg . We need to keep workers employed - the wage subsidy makes that possible for millions. https://twitter.com/leighsales/status/1244498446322552832¬†‚Ä¶,,,131,104,1263,"['scottmorrisonmp', 'joshfrydenberg']"
1244143218129686531,turnbullmalcolm,2020-03-29,14:03:52,‚ÄúWe overcome the twin vices of self-interest and fear by actively rejecting them. The ancient Athenians failed to do this in the face of a plague and lost their democracy. Now the same choice is ours.‚Äù https://www.theatlantic.com/ideas/archive/2020/03/great-plague-athens-has-eerie-parallels-today/608545/¬†‚Ä¶,,,187,284,941,[]
1254681226146770945,turnbullmalcolm,2020-04-27,15:58:09,Jess I am reading your book now. It‚Äôs outstanding. Strongly recommend it.,,,5,11,160,['jessradio']
1254553414647742464,turnbullmalcolm,2020-04-27,07:30:17,Well said Eytan and thanks to Singapore PM @leehsienloong for making it available - a good example of the international collaboration we need more of to beat this virus. https://twitter.com/eytanlenko/status/1254548627982172160¬†‚Ä¶,,,11,11,91,['leehsienloong']
1254394094375198720,turnbullmalcolm,2020-04-26,20:57:12,Thank you Eman.,,,0,0,2,['emanhalilovic']
1254365846849220609,turnbullmalcolm,2020-04-26,19:04:57,#covidsafe ‚úÖ,,,60,43,888,[]
1254355229308420096,turnbullmalcolm,2020-04-26,18:22:46,Thank you teachers! #teachersrock https://twitter.com/annabelcrabb/status/1254320164960530442¬†‚Ä¶,,,26,53,442,[]
1254195683608780800,turnbullmalcolm,2020-04-26,07:48:47,"The borderless world we once knew is rapidly disappearing in the age of Covid-19, writes the Journal‚Äôs chief foreign affairs correspondent @yarotrof https://www.wsj.com/articles/a-world-of-hardening-borders-11587135761¬†‚Ä¶",,,29,12,72,['yarotrof']
1254193280524226560,turnbullmalcolm,2020-04-26,07:39:14,The Economist | How previous contagions changed cities via @TheEconomist https://www.economist.com/node/21784488?frsc=dg%7Ce¬†‚Ä¶,,,8,12,60,['theeconomist']
1254173399749812224,turnbullmalcolm,2020-04-26,06:20:14,Malcolm Turnbull in Conversation with Annabel Crabb - 7 pm Monday. https://www.swf.org.au/festivals/2020-21/malcolm-turnbull-in-conversation-with-annabel-crabb/¬†‚Ä¶,,,22,11,123,[]
1253798224944435200,turnbullmalcolm,2020-04-25,05:29:25,via @NYTimes https://www.nytimes.com/2020/04/24/nyregion/phil-murphy-coronavirus.html?referringSource=articleShare¬†‚Ä¶,,,3,2,17,['nytimes']
1253525195760865280,turnbullmalcolm,2020-04-24,11:24:30,Of course I shouldn‚Äôt expect civility on twitter. Far too idealistic,,,166,8,43,"['yathinkn', 'noplaceforsheep']"
1253521476029829121,turnbullmalcolm,2020-04-24,11:09:43,I should say I don‚Äôt recall your telling me it was being recorded - if you did it will no doubt be on the tape but nonetheless would appreciate a copy.,,,3,1,9,"['troybramston', 'vanonselenp']"
1253514335713812480,turnbullmalcolm,2020-04-24,10:41:21,"Jim, all my time in public life I have condemned racism and defended and advanced the values of our multicultural society. I encourage you and others to read my book.",,,115,1,20,"['jimmalo7', 'grogsgamut']"
1253504109983883264,turnbullmalcolm,2020-04-24,10:00:43,"Spare us your feigned indignation Troy, please send me the audio file of the interview you didn‚Äôt tell me you were recording and which you have written about it so graphically",,,10,3,26,"['troybramston', 'vanonselenp']"
1253502064690262017,turnbullmalcolm,2020-04-24,09:52:35,"Responding to your point about diversity: diversity is not The Australian occasionally allowing a columnist to express mild dissent from the party line. Diversity means a range of media platforms owned by different groups and, ideally, dedicated to high standards of journalism",,,15,0,32,"['troybramston', 'australian', 'vanonselenp']"
1253501221467373570,turnbullmalcolm,2020-04-24,09:49:14,"Thanks Troy, look forward to your sending me a copy of the audio file you recorded.",,,0,0,8,"['troybramston', 'australian', 'vanonselenp']"
1253500603449241601,turnbullmalcolm,2020-04-24,09:46:47,"Asher, there is a chapter on NBN in my book which sets out my views on it all, can‚Äôt do it justice in a tweet (I know I am wordy:-))",,,0,0,1,['ashermoses']
1253499267349573632,turnbullmalcolm,2020-04-24,09:41:28,"If we had stuck to the original FTTP plan, the project would now be half built, so half the country would be on ADSL - a complete disaster at this time especially. The MTM strategy was the right one and has been proved to be.",,,59,0,3,"['ashermoses', 'grogsgamut']"
1253498365666422786,turnbullmalcolm,2020-04-24,09:37:53,"Anyway, thanks for encouraging people to read the book, and my views on media, diversity and journalism in this crazy era are all set out there in some greater detail than twitter allows.",,,4,1,14,['troybramston']
1253498156966240256,turnbullmalcolm,2020-04-24,09:37:04,"The point about partisanship is that you did not appear to understand the importance of diversity in the media and the value of quality journalism per se, as opposed to see media as a tool of political, partisan propaganda.",,,6,0,11,['troybramston']
1253493932693938177,turnbullmalcolm,2020-04-24,09:20:17,"Asher I just reread that blog from 2013 and the point about 25 mbps was simply that that was the speed which the Labor Govt had proposed as the upper limit of speed for the regions where fixed wireless and satellite were deployed. It‚Äôs a statement of fact, no more or less.",,,9,0,4,"['ashermoses', 'grogsgamut']"
1253491016780312576,turnbullmalcolm,2020-04-24,09:08:41,"Troy I dont agree with that account, but I do recall your indignant amazement that I would encourage the establishment of the Guardian even though it did not support me politically. I was surprised that you had been so taken in by the partisanship of your employer.",,,10,3,18,['troybramston']
1253489215574167553,turnbullmalcolm,2020-04-24,09:01:32,I don‚Äôt understand how someone who writes thoughtfully on economics in the Guardian can be so unpleasantly abusive on Twitter. It says a lot for the quality of the editorial oversight at the Guardian I suppose.,,,295,3,60,['grogsgamut']
1253483705307328512,turnbullmalcolm,2020-04-24,08:39:38,"Greg, i think if you read what I said at the time it was carefully stated. Just like some people are careless about dates (let alone make sweeping fact free criticism on twitter), others don‚Äôt read what I said as opposed to what others say I said. #wordsmatter",,,49,4,33,['grogsgamut']
1253481813709742080,turnbullmalcolm,2020-04-24,08:32:07,Rolling out faster is not pointless - unless you think having half the country left on ADSL during this crisis would be of no concern.,,,19,0,1,"['alexwantscoffee', 'grogsgamut']"
1253480382164422657,turnbullmalcolm,2020-04-24,08:26:26,"Thanks Greg, I hope the historical commentary will at least get the dates right :-)",,,17,1,83,['grogsgamut']
1253126715099893760,turnbullmalcolm,2020-04-23,09:01:05,Hooray for Arwen (parents obviously LOTR fans),,,1,0,5,"['gingergorman', 'abigailbelfrage', 'lucyturnbull_ao', 'hardiegrant']"
1252562198636818432,turnbullmalcolm,2020-04-21,19:37:54,I will sign it for you when I get back to the UK - after the pandemic!,,,2,0,0,['novamariejw']
1252561233942769666,turnbullmalcolm,2020-04-21,19:34:04,Thanks Nova you can buy it in the UK and of course it‚Äôs available on kindle. No need to ship from Australia,,,2,0,0,['novamariejw']
1252130758036094976,turnbullmalcolm,2020-04-20,15:03:30,Thanks Peter! https://twitter.com/peter_fitz/status/1252117700333060096¬†‚Ä¶,,,212,88,1270,[]
1251631365230956544,turnbullmalcolm,2020-04-19,05:59:06,"‚ÄúWe need to get kids back to school, and the government needs to come up with a way of doing that under the ""new normal"". Regardless.. our approach to teachers must be steeped in respect for their strength, agility and role as frontline workers during this crisis.‚Äù https://twitter.com/mrsdztb/status/1251595789253533697¬†‚Ä¶",,,155,46,389,[]
1251434416691245058,turnbullmalcolm,2020-04-18,16:56:30,Very prophetic!,,,15,4,403,['gladysb']
1251267107464986625,turnbullmalcolm,2020-04-18,05:51:40,"Leigh Sales interviews me in a vast surreal studio with everyone metres apart. Goes to air Monday on 730 ABC. Something to check: I favourably mentioned Annabel Crabb three times. ‚ÄúI‚Äùll cut them all out!‚Äù Leigh said with a smile, I think. pic.twitter.com/2gGXnJvw7y",,,364,162,2489,[]
1250756061746749442,turnbullmalcolm,2020-04-16,20:00:57,Thanks Alan! Great work by @KathViner @lenoretaylor & @murpharoo and the team they have built up since then. https://twitter.com/arusbridger/status/1250727441297014784¬†‚Ä¶,,,36,64,396,"['kathviner', 'lenoretaylor', 'murpharoo']"
1250714881566732288,turnbullmalcolm,2020-04-16,17:17:19,üôè,,,3,0,4,"['raziashaik1', '9newsaus']"
1250714436781793281,turnbullmalcolm,2020-04-16,17:15:33,Thanks Michael! https://twitter.com/mjrowland68/status/1250658805060235264¬†‚Ä¶,,,86,49,568,[]
1250328975370383363,turnbullmalcolm,2020-04-15,15:43:52,Definitely good idea about the drink Kathy! More opportunities for same here  https://www.malcolmturnbullbook.com/tour¬† https://twitter.com/Informanizer/status/1250326109696090113¬†‚Ä¶,,,16,3,39,[]
1250216252728995841,turnbullmalcolm,2020-04-15,08:15:57,The thoroughly socially distanced book tour is taking shape! Looking forward to it! #abiggerpicture  https://www.malcolmturnbullbook.com/tour¬†,,,55,16,110,[]
1250212434813452288,turnbullmalcolm,2020-04-15,08:00:46,Tackling climate change is vital for the strongest economic recovery after coronavirus https://www.theguardian.com/commentisfree/2020/apr/14/reckoning-with-climate-change-will-support-the-strongest-possible-economic-recovery-after-coronavirus?CMP=Share_iOSApp_Other¬†‚Ä¶,,,185,139,563,[]
1250033723967328257,turnbullmalcolm,2020-04-14,20:10:38,Sure!,,,0,0,2,['carolduncan']
1249984249320493059,turnbullmalcolm,2020-04-14,16:54:03,And I love you too! https://twitter.com/MrsDzTB/status/1249976788513460224¬†‚Ä¶,,,64,15,550,[]
1249894032320294912,turnbullmalcolm,2020-04-14,10:55:33,Thank you Phil!,,,0,0,4,['philipdalidakis']
1249890131621761031,turnbullmalcolm,2020-04-14,10:40:03,"Gosh it‚Äôs a worry that you have to explain you were joking! Great to hear from you, given your Hellenic background I think a Byzantine court title would be best -œÄŒ±ŒΩœÖœÄŒµœÅœÉŒµŒ≤Œ±œÉœÑŒøœÇ (panhypersebastos) perhaps?",,,1,0,6,['philipdalidakis']
1249847460085633026,turnbullmalcolm,2020-04-14,07:50:30,Looking forward to our chat too @murpharoo ! https://twitter.com/murpharoo/status/1249842997203619840¬†‚Ä¶,,,10,4,70,['murpharoo']
1249523146308243458,turnbullmalcolm,2020-04-13,10:21:47,My  book isn‚Äôt out until next Monday but here are the contents pages! The virtual book tour will be interesting - trying to work out how to do a live event from my kayak! #abiggerpicture pic.twitter.com/9lyRY7dM8e,,,977,190,1820,[]
1249437380437635072,turnbullmalcolm,2020-04-13,04:40:59,Recovered @BorisJohnson says thank you to the NHS for saving his life. Welcome back Boris! https://twitter.com/BorisJohnson/status/1249336590482243585¬†‚Ä¶,,,33,17,253,['borisjohnson']
1249266539141795840,turnbullmalcolm,2020-04-12,17:22:07,via @NYTOpinion https://www.nytimes.com/2020/04/11/opinion/sunday/coronavirus-hospitals-bronx.html?referringSource=articleShare¬†‚Ä¶,,,13,7,48,['nytopinion']
1248547870094946304,turnbullmalcolm,2020-04-10,17:46:23,Only ten days to go before @HardieGrant release my memoir - after so many months of writing and editing great to have the book - printed in Australia too! #abiggerpicture pic.twitter.com/qNjS77xhbJ,,,859,125,1517,['hardiegrant']
1248519320864350212,turnbullmalcolm,2020-04-10,15:52:57,"Not just Australia of course Bill, but cruise ships provide the ideal contagious environment together with, generally, older passenger - the most vulnerable demographic.",,,3,0,17,"['billbowtell', 'abcnews', 'sevennetwork', 'politics_smhage']"
1248218435437203461,turnbullmalcolm,2020-04-09,19:57:20,"Why did cruises continue after the Diamond Princess was quarantined on 4 February? Revealed: 6,000 passengers on cruise ships despite coronavirus crisis https://www.theguardian.com/environment/2020/apr/09/revealed-6000-passengers-on-cruise-ships-at-sea-despite-coronavirus-crisis?CMP=Share_iOSApp_Other¬†‚Ä¶",,,190,242,762,[]
1247473926042562560,turnbullmalcolm,2020-04-07,18:38:55,Well said Julia. https://twitter.com/JuliaGillard/status/1247428692952805376¬†‚Ä¶,,,99,335,3036,[]
1247460095081865217,turnbullmalcolm,2020-04-07,17:43:58,Take care Bevan and get well soon!,,,1,1,62,"['bevanshields', 'gallo_ways', 'mrseankelly']"
1246907386079539201,turnbullmalcolm,2020-04-06,05:07:41,Unfortunately this is behind a pay wall but @mrjoeaston does set out the history.,,,111,3,43,['mrjoeaston']
1246906568831987712,turnbullmalcolm,2020-04-06,05:04:27,"Kevin Rudd's NBN lies, redux http://www.afr.com/brand/rear-window/kevin-rudd-s-nbn-lies-redux-20200405-p54h78?btis¬†‚Ä¶",,,545,30,173,[]
1246621669541548034,turnbullmalcolm,2020-04-05,10:12:21,Just for the record we are on HFC,,,11,0,5,"['craig03470710', 'd7b', 'mrkrudd']"
1246524279933427713,turnbullmalcolm,2020-04-05,03:45:22,'Gruffalo stayed in the cave': Axel Scheffler and Julia Donaldson's coronavirus cartoons https://www.theguardian.com/books/gallery/2020/apr/04/gruffalo-axel-scheffler-and-julia-donaldsons-coronavirus-cartoons?CMP=Share_iOSApp_Other¬†‚Ä¶,,,6,19,103,[]
1246175336405938176,turnbullmalcolm,2020-04-04,04:38:47,The denial of science by the populist right imperils our lives and our democracy. Scientist @amirhusain_tx describes how denialism has eroded American authority and leadership. https://twitter.com/amirhusain_tx/status/1245844850664226816¬†‚Ä¶,,,140,155,700,['amirhusain_tx']
1246006943786733573,turnbullmalcolm,2020-04-03,17:29:39,the part of the network which faces most pressure is the fixed wireless in regional and peri-urban areas. This was part of Labor‚Äôs plan (like the satellite) we did not change. Concurrent streaming at current levels not anticipated a decade ago. Addressing this ia high priority.,,,81,1,13,['rhysam']
1245997915329277953,turnbullmalcolm,2020-04-03,16:53:47,So Kevin‚Äôs conspiracy theory is nonsense. Streaming has smashed pay TV models around the world. In that sense the NBN‚Äôs earlier completion means it got smashed here sooner.,,,61,8,31,['rhysam']
1245997512739016705,turnbullmalcolm,2020-04-03,16:52:11,But the key point is this: our approach to NBN meant millions more Australians got high speed broadband sooner and cheaper than would have happened under labor. Streaming which is what was smashed the pay TV business became available to more Australians sooner,,,381,10,52,['rhysam']
1245996727494041606,turnbullmalcolm,2020-04-03,16:49:03,Okay. One more time. If Labor‚Äôs plan had continued half of australia would still be on ADSL. Thanks to our plan the NBN is almost finished. Over 90% can get 50 mbps and almost all can get 25 mbps. 1/2,,,1670,28,128,['rhysam']
1245156901857312768,turnbullmalcolm,2020-04-01,09:11:53,Thank you Gladys! https://twitter.com/GladysB/status/1245156361433796609¬†‚Ä¶,,,21,6,126,[]
1245103211813302272,turnbullmalcolm,2020-04-01,05:38:33,Hooray for Bluey! https://twitter.com/Daley_Pearson/status/1244969792101990400¬†‚Ä¶,,,10,9,223,[]
1244934753783910401,turnbullmalcolm,2020-03-31,18:29:09,"That‚Äôs good news!. Norman thank you for your calm, clear and consistently well informed commentary. https://twitter.com/normanswan/status/1244760931977973760¬†‚Ä¶",,,34,38,736,[]
1244504918897000449,turnbullmalcolm,2020-03-30,14:01:09,This is a very good decision @ScottMorrisonMP and @JoshFrydenberg . We need to keep workers employed - the wage subsidy makes that possible for millions. https://twitter.com/leighsales/status/1244498446322552832¬†‚Ä¶,,,131,104,1263,"['scottmorrisonmp', 'joshfrydenberg']"
1244143218129686531,turnbullmalcolm,2020-03-29,14:03:52,‚ÄúWe overcome the twin vices of self-interest and fear by actively rejecting them. The ancient Athenians failed to do this in the face of a plague and lost their democracy. Now the same choice is ours.‚Äù https://www.theatlantic.com/ideas/archive/2020/03/great-plague-athens-has-eerie-parallels-today/608545/¬†‚Ä¶,,,187,284,941,[]
1243499978934431750,turnbullmalcolm,2020-03-27,19:27:52,"Take care Boris, get well soon. Look forward to your returning to the rudest of good health. Your clear unequivocal messages are being heard around the world.  #stayhome #SupportOurHealthCareWorkers #BeatTheVirus",,,74,77,807,['borisjohnson']
1243117977844584448,turnbullmalcolm,2020-03-26,18:09:56,"Reading ‚ÄúSpot visits his grandparents‚Äù to grandson Ronan who lives in Singapore with his sister & parents. PM @leehsienloong has decisively tackled the virus, taking strong measures early, identifying & isolating those infected & using technology to trace & alert their contacts. pic.twitter.com/8myF1Fe892",,,118,119,1720,['leehsienloong']
1241821319710134272,turnbullmalcolm,2020-03-23,04:17:29,A graphic simulation of how the virus spread from Wuhan. https://www.nytimes.com/interactive/2020/03/22/world/coronavirus-spread.html?referringSource=articleShare¬†‚Ä¶,,,34,85,185,[]
1240974517129711617,turnbullmalcolm,2020-03-20,20:12:35,"Recommend checking out how President @jokowi uses social media esp Instagram for a constant stream of information, instruction and exhortation on the pandemic and the response in Indonesia.",,,56,41,237,['jokowi']
1240973452648919040,turnbullmalcolm,2020-03-20,20:08:21,"‚ÄúThe nbn‚Äôs peak throughput is typically at around 9pm and, by comparison, during standard business hours of 9-5pm, network traffic is usually around half that of the evening peak.‚Äù  https://www.nbnco.com.au/corporate-information/media-centre/media-statements/increase-in-residential-data-demand¬†‚Ä¶",,,4,0,0,"['theanthonyhayes', 'rhysam']"
1240972510293712897,turnbullmalcolm,2020-03-20,20:04:37,More people are working from home increasing bandwidth demands during the day. That is not when video streaming peaks which is in the evenings.,,,3,0,0,"['theanthonyhayes', 'rhysam']"
1240971993865793536,turnbullmalcolm,2020-03-20,20:02:34,Sure. 94% of Australians can get NBN now. If we had stuck with Labor‚Äôs model millions of them would still be on ADSL or worse. Plus the project would have cost tens of billions more - so even higher prices.,,,38,2,1,"['theanthonyhayes', 'rhysam']"
1240577748239695872,turnbullmalcolm,2020-03-19,17:55:58,Very good advice Daisy! https://twitter.com/MrsDzTB/status/1240521056583954432¬†‚Ä¶,,,7,8,71,[]
1240086978164473856,turnbullmalcolm,2020-03-18,09:25:49,Well said Julia and thank you for your work with Beyond Blue. https://twitter.com/JuliaGillard/status/1240057768549072896¬†‚Ä¶,,,80,310,2666,[]
1239821963830284288,turnbullmalcolm,2020-03-17,15:52:45,"Justice done. At last. The claim made in @australian on 3/11/17 was always absurd: that you were a citizen of a country which stripped your mother & her family of their citizenship & would have pushed them into the gas chambers, had it not been for the arrival of the Red Army. https://twitter.com/JoshFrydenberg/status/1239800917127393280¬†‚Ä¶",,,45,22,458,['australian']
1239530069644607488,turnbullmalcolm,2020-03-16,20:32:52,Thank you makes perfect sense.,,,0,1,18,['samanthamaiden']
1239473977929555968,turnbullmalcolm,2020-03-16,16:49:59,Where are you going to instal them?,,,5,0,20,['samanthamaiden']
1239128610629234688,turnbullmalcolm,2020-03-15,17:57:37,Many thanks to @normanswan and the ABC for their advice and information on #COVID19Aus - at times like this credibility and consistency are so important,,,121,348,2823,['normanswan']
1239036861495906304,turnbullmalcolm,2020-03-15,11:53:02,Morrison has just said (2.45 pm)that we should stop handshaking. At last a clear message which for some reason was not capable of being delivered this morning on @InsidersABC at 9 am. @GladysB on the other hand discouraged handshakes weeks ago. #FlattenTheCurve https://twitter.com/TurnbullMalcolm/status/1238956779226066944¬†‚Ä¶,,,436,460,2287,"['insidersabc', 'gladysb']"
1239012206479458304,turnbullmalcolm,2020-03-15,10:15:04,"Why outbreaks like coronavirus spread exponentially, and how to ‚Äúflatten the curve‚Äù - Washington Post https://www.washingtonpost.com/graphics/2020/world/corona-simulator/¬†‚Ä¶",,,81,473,1183,[]
1238956779226066944,turnbullmalcolm,2020-03-15,06:34:49,What is going on here? We can‚Äôt even get a clear answer on shaking hands? It is obvious that one of the simplest ways of reducing risk is to stop shaking hands - such a simple thing to do. https://twitter.com/InsidersABC/status/1238951789895925761¬†‚Ä¶,,,431,619,2904,[]
1238591505339527168,turnbullmalcolm,2020-03-14,06:23:21,"Well said Tom, thank you Mark and strength to you arm on your new climate assignment with the UN. https://twitter.com/TomTugendhat/status/1238587235441786881¬†‚Ä¶",,,3,4,20,[]
1238569008275677184,turnbullmalcolm,2020-03-14,04:53:57,"In China, here in Australia and around the world doctors and nurses are working the longest hours, risking their own lives to treat #CV19 patients. Thank you. üôèüôèüôè https://www.nytimes.com/interactive/2020/03/13/world/asia/coronavirus-death-life.html?referringSource=articleShare¬†‚Ä¶",,,157,268,1733,[]
1237572724685324288,turnbullmalcolm,2020-03-11,10:55:05,Hooray for Daisy!,,,3,0,22,"['james_jeffrey', 'daisyjeffrey2', 'mcannonbrookes', 'louiseadler', 'hachetteaus']"
1236486987030257665,turnbullmalcolm,2020-03-08,11:00:45,Get well soon Nova!,,,0,0,1,"['novamariejw', 'mrsdztb', 'alanfletcher', 'benhall23']"
1235658441579888640,turnbullmalcolm,2020-03-06,04:08:24,Sydney is pledging to become safer for women - and it will boost the night time economy ‚Å¶@LucyTurnbull_AO‚Å© https://www.sbs.com.au/news/sydney-is-pledging-to-become-safer-for-women-and-it-will-boost-the-night-time-economy¬†‚Ä¶,,,18,12,100,['lucyturnbull_ao']
1235308652476715008,turnbullmalcolm,2020-03-05,04:58:28,Well said Telstra CEO Andy Penn on @RNBreakfast ‚Äúthe biggest risk with climate is thinking its someone else‚Äôs problem to fix‚Äù,,,84,162,730,['rnbreakfast']
1234439682525556736,turnbullmalcolm,2020-03-02,19:25:29,Happy memories of the old rip and read wire service for radio news rooms.... sounds like there might be a sale looming?,,,1,7,16,"['osbornep', 'mrkrudd', 'juliagillardgpe']"
1233668320815005696,turnbullmalcolm,2020-02-29,16:20:22,Congratulations! https://twitter.com/SatPaper/status/1233519773834715136¬†‚Ä¶,,,37,41,354,[]
1232572150092976128,turnbullmalcolm,2020-02-26,15:44:35,Totally agree - there will be more jobs and better jobs in a clean and cheaper energy economy. A just and planned transition is key - engineering and economics not ideology and idiocy.,,,31,21,45,['quentindempster']
1232336885302714370,turnbullmalcolm,2020-02-26,00:09:43,Turnbull warns of 'catastrophic' future if we don't move to net zero  https://www.smh.com.au/politics/federal/turnbull-warns-of-catastrophic-future-if-we-don-t-move-to-net-zero-20200225-p5449p.html¬†‚Ä¶ via @smh,,,173,191,672,['smh']
1231509205032374272,turnbullmalcolm,2020-02-23,17:20:49,Glad you like it.....it‚Äôs an old point but a good one.,,,2,0,2,['sebhenbest']
1231348918895570944,turnbullmalcolm,2020-02-23,06:43:54,Last tweet this morning: a policy which opposes net zero by 2050 is a policy of 3 degrees plus global warming and an uninhabitable planet.,,,330,459,2135,[]
1231347360074092545,turnbullmalcolm,2020-02-23,06:37:42,"The consequences of this transition: a habitable planet, cheaper energy,  more economic growth and jobs. Regions? Most of the renewable investment is in the regions. To get there above all we need a coherent integration of climate and energy policy.",,,84,238,1519,[]
1231344914107006976,turnbullmalcolm,2020-02-23,06:27:59,Wrong on both counts.,,,0,0,4,['ryanwil62993886']
1231342361134788608,turnbullmalcolm,2020-02-23,06:17:50,"Reverse deforestation, reforest wherever possible. A decade ago the ‚Äúhow‚Äù was hard to see and very expensive relative to BAU. Now we can see a feasible, affordable route to net zero - the alternative is catastrophic.",,,71,230,1522,[]
1231341509972115456,turnbullmalcolm,2020-02-23,06:14:27,"Engineering and economics NOT ideology and idiocy. Cheapest, cleanest form of energy today is renewables plus storage and is getting cheaper. So transition to clean and cheaper electricity. Couple that with electrification of industry as well as green hydrogen.",,,108,273,1807,[]
1231340973843574784,turnbullmalcolm,2020-02-23,06:12:20,Watching @InsidersABC - hands wringing about ‚Äúhow do we get to net zero by 2050?‚Äù Bottom line is if we don‚Äôt get there the planet will be uninhabitable for billions of people. How do we get there? Answer is plain:,,,819,1146,4475,['insidersabc']
1231087280187572224,turnbullmalcolm,2020-02-22,13:24:14,Trump plans 5G summit with global tech leaders in Huawei battle https://www.cnbc.com/2020/02/21/trump-plans-5g-summit-with-global-tech-leaders-in-huawei-battle.html¬†‚Ä¶,,,33,13,49,[]
1229888149154758656,turnbullmalcolm,2020-02-19,05:59:19,Listening to ChinaPower (Water Challenges Inside and Outside China's Borders: A Conversation with Scott Moore) - http://feedproxy.google.com/~r/Chinapower/~3/Coi7JDVz20Y/¬†‚Ä¶,,,5,6,15,[]
1228953277691072512,turnbullmalcolm,2020-02-16,16:04:28,This is a good explainer - Latika‚Äôs next job could be at GCHQ! https://twitter.com/smh/status/1228950925152223232¬†‚Ä¶,,,32,21,118,[]
1227880889914232834,turnbullmalcolm,2020-02-13,17:03:11,Thanks Melissa!,,,4,0,7,['d_melissa2']
1227714417099448321,turnbullmalcolm,2020-02-13,06:01:41,Chief Scientist: we need to transform our world into a sustainable 'electric planet' https://theconversation.com/chief-scientist-we-need-to-transform-our-world-into-a-sustainable-electric-planet-131658¬†‚Ä¶,,,96,167,543,[]
1227309832677576705,turnbullmalcolm,2020-02-12,03:14:01,Safe travels Carl. Come back soon.,,,3,0,10,['carlbildt']
1227213543491031041,turnbullmalcolm,2020-02-11,20:51:23,Thanks for joining us!,,,0,0,0,['carlbildt']
1226776327925030915,turnbullmalcolm,2020-02-10,15:54:03,Joko Widodo calls for Australia-Indonesia leadership on climate and development in the Pacific https://www.smh.com.au/politics/federal/identity-politics-is-a-threat-to-democracy-joko-widodo-s-message-for-australia-20200210-p53zed.html¬†‚Ä¶,,,25,16,52,[]
1226767613704802306,turnbullmalcolm,2020-02-10,15:19:26,They always say that when they are about to run.....,,,0,2,37,['michaelemann']
1226723363227226112,turnbullmalcolm,2020-02-10,12:23:35,Happy to help. It‚Äôs a brilliant poem.,,,1,1,7,['alisonwhitelock']
1226631445948461057,turnbullmalcolm,2020-02-10,06:18:21,Climate change policy: Coalition misses the memo on renewables https://www.smh.com.au/politics/federal/coalition-wilfully-blind-to-economics-of-renewables-20200209-p53z4m.html¬†‚Ä¶,,,219,336,1085,[]
1225654456831754247,turnbullmalcolm,2020-02-07,13:36:08,Congratulations and good luck Arthur!! https://twitter.com/A_Sinodinos/status/1225604800408104960¬†‚Ä¶,,,43,11,176,[]
1225649173912932358,turnbullmalcolm,2020-02-07,13:15:09,"New CSIRO, AEMO study confirms wind, solar and storage beat coal, gas and nuclear | RenewEconomy https://reneweconomy.com.au/new-csiro-aemo-study-confirms-wind-solar-and-storage-beat-coal-gas-and-nuclear-57530/¬†‚Ä¶",,,450,563,1902,[]
1225365923038560256,turnbullmalcolm,2020-02-06,18:29:36,Great news the IA-CEPA - the new Australia Indonesia free trade agreement - has been passed by the Indonesian Parliament and in good time for President @jokowi visit to Australia next week https://twitter.com/cnbcindonesia/status/1225362455007657985¬†‚Ä¶,,,14,23,109,['jokowi']
1225190964072812544,turnbullmalcolm,2020-02-06,06:54:23,Thank you so much. https://twitter.com/SmartEnergyCncl/status/1225187612501016581¬†‚Ä¶,,,16,15,134,[]
1225025510641553408,turnbullmalcolm,2020-02-05,19:56:56,"This account of my speech tonight fails, naturally, to make any reference to my criticism of the Murdoch ‚Äúpress‚Äù and its relentless climate change denialism - so embarrassing even James Murdoch has denounced it. https://amp.theaustralian.com.au/nation/politics/liberals-have-failed-on-climate-says-malcolm-turnbull/news-story/9d8fa825df4e388b0727e31362a53815¬†‚Ä¶",,,334,644,2841,[]
1224251126003847168,turnbullmalcolm,2020-02-03,16:39:48,Ihre Liste ist nicht vollst√§ndig,,,209,243,2090,['vanonselenp']
1223396435875356672,turnbullmalcolm,2020-02-01,08:03:34,Shocked and very sad to learn Paul Shetler has died. A great loss. I recruited him in 2015 as first CEO of the Digital Transformation Office to continue the work he had done in the UK. He was as innovative as he was iconoclastic. A visionary in every sense. üôèüôèüôè,,,38,98,478,[]
1222636406691885056,turnbullmalcolm,2020-01-30,05:43:29,"Poetry has been defined as ‚Äúthat which cannot be translated.‚Äù This poem cries out to be translated - into action. Powerful, moving, urgent. https://twitter.com/AlisonWhitelock/status/1220497805334024192¬†‚Ä¶",,,70,118,308,[]
1220558271498448897,turnbullmalcolm,2020-01-24,12:05:43,Thank you to these brave Americans who died keeping Australians safe. Our love and condolences are with their families and with families of all those killed in these terrible fires. The courageous service of the firefighters is a shining inspiration of love and selflessness. https://twitter.com/NSWRFS/status/1220463550919053313¬†‚Ä¶,,,16,86,729,[]
1220148794202787840,turnbullmalcolm,2020-01-23,08:58:36,The tathra fires of 18-19 March 2018 were very damaging but not remotely on the scale of what we have experienced and knew was likely to occur this summer given the prolonged drought.,,,12,5,16,"['reddishraven', 'samanthamaiden', 'scottmorrisonmp']"
1220146354866933760,turnbullmalcolm,2020-01-23,08:48:54,Very different context. The fact remains our climate is getting hotter and drier that means more and hotter fires and more droughts. The trend is not our friend.,,,56,15,64,"['samanthamaiden', 'scottmorrisonmp']"
1220106988777955328,turnbullmalcolm,2020-01-23,06:12:29,Mine too. Good luck Tom - as the UK leaves the EU ‚Äúthere is a world elsewhere‚Äù and your intellect and experience more important than ever.,,,0,0,4,['amberrudduk']
1219942626452856832,turnbullmalcolm,2020-01-22,19:19:22,Thank you Amy - everyone should read it. https://twitter.com/coopesdetat/status/1219932079518961664¬†‚Ä¶,,,23,72,276,[]
1219885662876270592,turnbullmalcolm,2020-01-22,15:33:01,Well it‚Äôs hardly a controversial insight is it? Trump would regard it as a badge of honour I suspect.,,,5,0,17,['aarondodd']
1219878357279444993,turnbullmalcolm,2020-01-22,15:03:59,"The NEG wasn‚Äôt abandoned by my Govt. Given a minority of our MPs were threatening to cross the floor and vote it down, Cabinet resolved to retain the policy but not submit the Bill until we were more confident of the numbers. It was formally abandoned by the Morrison Govt.",,,55,77,189,['bbcworld']
1219564917641998338,turnbullmalcolm,2020-01-21,18:18:29,Single-use plastic: China to ban bags and other items - BBC News https://www.bbc.com/news/world-asia-china-51171491¬†‚Ä¶,,,41,83,537,[]
1219354648089284609,turnbullmalcolm,2020-01-21,04:22:57,‚ÄúTo deliver green solutions and help leapfrog coal.‚Äù This is the policy of the Conservative government of @BorisJohnson https://twitter.com/beisgovuk/status/1219353997351493635¬†‚Ä¶,,,73,120,450,['borisjohnson']
1218323584797462528,turnbullmalcolm,2020-01-18,08:05:52,"‚ÄúWe say emissions are going down and they are going up. We say investment in renewables is higher than ever but it's falling because of the policy mess we have created,"" one Liberal MP said.  ‚ÄúIt is little wonder we have no credibility on this issue."" https://www.smh.com.au/politics/federal/can-scott-morrison-seize-this-watershed-moment-for-climate-policy-20200117-p53se6.html¬†‚Ä¶",,,460,1197,3838,[]
1217626728245256192,turnbullmalcolm,2020-01-16,09:56:49,Thank you!,,,10,0,20,['emz_townsend']
1217621727150104579,turnbullmalcolm,2020-01-16,09:36:56,Australia‚Äôs Bushfires Show Climate Denialism Must Stop | Time https://time.com/5765603/australia-bushfires-prime-minister-essay/¬†‚Ä¶,,,594,683,2278,[]
1217303143190429698,turnbullmalcolm,2020-01-15,12:31:00,You mean like Hawke and Keating who allowed him to buy the Herald & Weekly Times and this most of the australian newspaper market?,,,6,0,8,['jen04']
1217265556467765250,turnbullmalcolm,2020-01-15,10:01:39,James Murdoch's criticism of News Corp's climate change coverage shows conflict at top of family tree https://www.smh.com.au/world/north-america/james-murdoch-shows-news-corp-climate-criticism-goes-to-top-of-family-tree-20200115-p53rja.html¬†‚Ä¶,,,72,116,505,[]
1217263496846401537,turnbullmalcolm,2020-01-15,09:53:27,"The Australian says it accepts climate science, so why does it give a platform to 'outright falsehoods'? https://www.theguardian.com/media/2020/jan/15/the-australian-says-it-accepts-climate-science-so-why-does-it-give-a-platform-to-outright-falsehoods?CMP=Share_iOSApp_Other¬†‚Ä¶",,,209,516,1923,[]
1217243565035667457,turnbullmalcolm,2020-01-15,08:34:15,James Murdoch criticises father's news outlets for climate crisis denial https://www.theguardian.com/media/2020/jan/14/james-murdoch-criticises-fathers-news-outlets-for-climate-crisis-denial?CMP=Share_iOSApp_Other¬†‚Ä¶,,,50,96,409,[]
1216992955648491520,turnbullmalcolm,2020-01-14,15:58:25,"Will, thank you for your service to Tasmania and Australia. I enjoyed working with you over the years especially on the ‚Äúbattery of the nation‚Äù project which will supercharge Tasmania as a clean energy powerhouse. All the best to you, Nicola & your children post politics! https://twitter.com/WillHodgman/status/1216968987952611329¬†‚Ä¶",,,15,20,190,[]
1216883903199203328,turnbullmalcolm,2020-01-14,08:45:05,Ocean temperatures hit record high as rate of heating accelerates https://www.theguardian.com/environment/2020/jan/13/ocean-temperatures-hit-record-high-as-rate-of-heating-accelerates?CMP=Share_iOSApp_Other¬†‚Ä¶,,,243,291,717,[]
1216735146730082305,turnbullmalcolm,2020-01-13,22:53:59,Government energy adviser calls for 'national leadership' on emissions https://www.smh.com.au/politics/federal/government-energy-adviser-calls-for-national-leadership-on-emissions-20200113-p53r2a.html¬†‚Ä¶,,,18,33,111,[]
1216670332779560962,turnbullmalcolm,2020-01-13,18:36:26,Australia fires: Scott Morrison urged by business leaders to lead on climate policy https://www.smh.com.au/business/the-economy/port-arthur-moment-business-urges-pm-to-lead-on-climate-amid-bushfire-crisis-20200113-p53qzq.html¬†‚Ä¶,,,125,211,930,[]
1216666167370059776,turnbullmalcolm,2020-01-13,18:19:53,Quite the contrary actually. The NEG was a market based mechanism the CET like the RET worked outside the electricity market.,,,9,4,17,"['simonahac', 'alankohler']"
1216594973874765825,turnbullmalcolm,2020-01-13,13:36:59,"Australia, Fiji's prayers are with you but we know they aren't enough to fight the climate crisis | Frank Bainimarama https://www.theguardian.com/world/commentisfree/2020/jan/07/australia-fijis-prayers-are-with-you-but-we-know-they-arent-enough-to-fight-the-climate-crisis?CMP=share_btn_tw¬†‚Ä¶",,,63,134,541,[]
1216121542246944768,turnbullmalcolm,2020-01-12,06:15:44,Scott Morrison can't afford to waste the bushfire crisis when Australia urgently needs its own green new deal | Australian politics | The Guardian https://www.theguardian.com/australia-news/2020/jan/12/scott-morrison-cant-afford-to-waste-the-bushfire-crisis-when-australia-urgently-needs-its-own-green-new-deal¬†‚Ä¶,,,750,1023,3820,[]
1215257524124839937,turnbullmalcolm,2020-01-09,21:02:26,"Springlike temperatures to surge across East this weekend, about 30 degrees above normal https://www.washingtonpost.com/weather/2020/01/08/springlike-temperatures-surge-over-eastern-us-this-weekend-some-30-degrees-above-normal/¬†‚Ä¶",,,34,54,191,[]
1214326144050139137,turnbullmalcolm,2020-01-07,07:21:28,They were not faceless,,,11,1,16,"['gregdixontweet', 'josiemcskimming', 'liberalaus', 'honjuliebishop']"
1214034771933687811,turnbullmalcolm,2020-01-06,12:03:39,The National Energy Guarantee was a coh√©rent integration of climate and energy policy. It was sabotaged by the right wing of the coalition and their supporters in the media and coal lobby and finally abandoned by Morrison Government. It should be reinstated now.,,,130,352,1025,"['josiemcskimming', 'liberalaus', 'honjuliebishop']"
1213704689675468803,turnbullmalcolm,2020-01-05,14:12:02,"It‚Äôs a fair question - there will be many specialist skills required, the head of the agency does not need (and cannot possess) all of those skills. Colvin is an experienced, technically literate leader who will be able to work with a diverse group of experts, agencies etc",,,0,1,38,['kevinoneill2015']
1213695804336001024,turnbullmalcolm,2020-01-05,13:36:43,"Andrew Colvin has experience coordinating disaster response notably the police work following the Bali bombings. He is very tech savvy as well. Also a very sound, calm and professional leader who is very measured and does not panic in a crisis. https://twitter.com/kevinoneill2015/status/1213637953647308802¬†‚Ä¶",,,31,42,379,[]
1213631309295173633,turnbullmalcolm,2020-01-05,09:20:26,Very pleased to see former AFP Commissioner Andrew Colvin appointed to lead bushfire recovery agency. Andrew is not only extremely capable but has long experience of working collaboratively and respectfully with state and territory agencies.,,,94,143,1631,[]
1212355036111491072,turnbullmalcolm,2020-01-01,20:48:59,Solar export vision to be put to the test http://www.afr.com/business/energy/solar-export-vision-to-be-put-to-the-test-20191219-p53lgx?btis¬†‚Ä¶,,,30,31,190,[]
1212230624083185665,turnbullmalcolm,2020-01-01,12:34:37,"Thank you to all the firefighters most volunteers who have been serving for so much longer than could have ever been expected. They are heroes - we must be generous today but above all plan for more, longer and hotter fires in the future. BAU is not an option. @NSWRFS 2/2",,,42,59,474,['nswrfs']
1212229335463055360,turnbullmalcolm,2020-01-01,12:29:30,"More tragic news from these terrible fires unprecedented in their scale and intensity. Our hearts go out to those who have been injured and lost homes, those who are fleeing from the fires but above all to the families of those who have been killed. 1/2 https://twitter.com/9NewsSyd/status/1212227906576904194¬†‚Ä¶",,,57,70,426,[]
1212227179246837761,turnbullmalcolm,2020-01-01,12:20:56,"Entirely agree. How remarkable is it that in the UK, the home of Edmund Burke, Thatcher and Churchill, there is consensus on the reality of global warming and the need to act. A reminder that there is nothing ‚Äúconservative‚Äù about climate denialism. https://twitter.com/LucyTurnbull_AO/status/1212221507612463106¬†‚Ä¶",,,468,634,3324,[]
1212197443728576512,turnbullmalcolm,2020-01-01,10:22:46,Reality check: As PM I delivered marriage equality. Lots of people talked about it. But I got it done. So I know that makes many on the left and the right grind their teeth but it‚Äôs a fact. So live with it.,,,6,0,5,['blake_erickson']
1212170443865477120,turnbullmalcolm,2020-01-01,08:35:29,We are. Angela‚Äôs grandfather and my mother‚Äôs grandfather were brothers.,,,1,1,11,"['gld301218', '_angelalansbury']"
1212170203582230528,turnbullmalcolm,2020-01-01,08:34:32,"Characteristically as eloquent as it is elegant - Singapore‚Äôs PM‚Äôs New Year‚Äôs report combines geopolitics, philosophy and domestic progress on education health and the economy. https://twitter.com/leehsienloong/status/1211950861242359808¬†‚Ä¶",,,28,20,106,[]
1211942425268113410,turnbullmalcolm,2019-12-31,17:29:25,Tell us what you really think üòâ Happy New Year Laura! https://twitter.com/latingle/status/1211933101653258241¬†‚Ä¶,,,258,344,3557,[]
1210075965679816705,turnbullmalcolm,2019-12-26,13:52:46,This editorial is a thoughtful and challenging one for all Christians and very timely in this Christmas season. Worth very careful reflection. https://www.theguardian.com/commentisfree/2019/dec/25/the-guardian-view-on-the-rise-of-christian-nativist-populists-a-troubling-sign-of-things-to-come?CMP=Share_iOSApp_Other¬†‚Ä¶,,,75,139,465,[]
1209791272543588352,turnbullmalcolm,2019-12-25,19:01:30,"Thank you. Respect, civility, kindness, love these are all so important and yet today more threatened than ever as too many people, and leaders, try to divide society and turn one part of it against another. Love and respect must beat hatred and contempt.",,,11,8,39,"['d_melissa2', 'lucyturnbullgsc']"
1209737538958585857,turnbullmalcolm,2019-12-25,15:27:59,Great to see you too Kerryn! https://twitter.com/drkerrynphelps/status/1209734932878090240¬†‚Ä¶,,,43,60,717,[]
1209707610753994752,turnbullmalcolm,2019-12-25,13:29:04,I prefer batik in any case. Happy Christmas! https://twitter.com/RonniSalt/status/1209701101844324353¬†‚Ä¶,,,54,138,1432,[]
1209657193458368513,turnbullmalcolm,2019-12-25,10:08:43,And thank you for the love you share! Happy Christmas!! https://twitter.com/Wayside1964/status/1209649701861019648¬†‚Ä¶,,,35,61,592,[]
1208155504842661890,turnbullmalcolm,2019-12-21,06:41:33,Keaton and O'Dwyer fund https://www.gofundme.com/f/keaton-and-o039dwyer-fund?utm_source=twitter&utm_medium=social&utm_campaign=p_cp+share-sheet¬†‚Ä¶,,,22,118,343,[]
1207761271841361920,turnbullmalcolm,2019-12-20,04:35:00,One immediate way to help is to support the @NSWRFS with a donation.  https://www.rfs.nsw.gov.au/volunteer/support-your-local-brigade¬†‚Ä¶,,,97,86,295,['nswrfs']
1207759343740805121,turnbullmalcolm,2019-12-20,04:27:21,We need to recognise a hotter and drier climate means more fires. Our continued high level of CO2 √©missions has changed our climate for the worse. We have to reduce emissions urgently but we also need to put more resources into the fire fight. Business as usual is not an option.,,,1513,1416,8162,[]
1207757698319544320,turnbullmalcolm,2019-12-20,04:20:48,The fire fighters are putting their lives on the line to keep us safe. We mourn the death of two of them  last night and we send our love and prayers to their families. To all those injured we wish a speedy recovery. And we thank the @NSWRFS volunteers for their courage & service,,,76,216,1765,['nswrfs']
1206091567028531200,turnbullmalcolm,2019-12-15,14:00:12,A great performance and I thought the last number was very apropos given Brexit https://twitter.com/kary_cee/status/1205737283523006464¬†‚Ä¶,,,23,4,49,[]
1205578767348850688,turnbullmalcolm,2019-12-14,04:02:31,Thanks for posting it. Great to see you all. üôèüôèüôè https://twitter.com/laughingmind/status/1205430099400478721¬†‚Ä¶,,,17,8,50,[]
1205306678880526337,turnbullmalcolm,2019-12-13,10:01:20,"Wayne my reference to ‚Äúhome‚Äù was to home=Australia vs abroad, note home as in emoh ruo",,,0,0,1,"['waynemudge', 'peter_fitz']"
1204999363627323395,turnbullmalcolm,2019-12-12,13:40:10,Well said Jason. All our steps should be practical but whether at home or abroad we need to have high ambitions - we have the tech now to have zero emission affordable reliable energy. The one thing we don‚Äôt have is time https://twitter.com/JasonFalinskiMP/status/1204896843320066048¬†‚Ä¶,,,392,329,1661,[]
1203915015771705344,turnbullmalcolm,2019-12-09,13:51:22,Thank you so much @NSWRFS - your service and courage embodies the very best of the Australian spirit. And thank you too all the volunteers from overseas and interstate. Let‚Äôs hope the forecasts are wrong and we have a wet Christmas to put out the fires and break the drought. https://twitter.com/RFSCommissioner/status/1203874396395327488¬†‚Ä¶,,,107,100,683,['nswrfs']
1203278334295064576,turnbullmalcolm,2019-12-07,19:41:25,This is f√©brile rubbish. There was at my insistence an arms length merit based process set up in 2015 to select the Sex Discrimination Commissioner. Kate Jenkins‚Äô appointment following that process  was announced in Feb 2016. This has all been on the public record for years.,,,4,4,10,"['ici_cam', 'angustaylormp', 'lucyturnbullgsc']"
1199289671492046849,turnbullmalcolm,2019-11-26,19:31:54,Thanks Jason!,,,1,0,19,"['jasonfalinskimp', 'ausrepublic', 'albomp', 'richarddinatale']"
1198182366172200961,turnbullmalcolm,2019-11-23,18:11:51,üôè,,,2,0,2,['p_hannam']
1198173433906860032,turnbullmalcolm,2019-11-23,17:36:22,Well said Patrick Suckling until recently our Ambassador for the Environment:  Why it's so wrong to play down Australia's role in fighting climate change https://www.smh.com.au/national/why-it-s-so-wrong-to-play-down-australia-s-role-in-fighting-climate-change-20191121-p53ctq.html¬†‚Ä¶,,,104,129,500,[]
1197991809000960000,turnbullmalcolm,2019-11-23,05:34:39,Thanks @murpharoo - a good chat with you and @lenoretaylor ! https://twitter.com/murpharoo/status/1197981532524146688¬†‚Ä¶,,,30,37,149,"['murpharoo', 'lenoretaylor']"
1197677008001683456,turnbullmalcolm,2019-11-22,08:43:45,Thank you matt_barrie for a stimulating discussion at startconhq this morning. Innovation is the key ensuring Australia‚Äôs continued prosperity and it is inspiring to see so much dynamism in the start up sector this‚Ä¶  https://www.instagram.com/p/B5JeTsuFv41/?igshid=b6i3ewr6eo1v¬†‚Ä¶,,,28,11,101,[]
1196762048371183616,turnbullmalcolm,2019-11-19,20:08:01,"‚ÄúIn the face of risk, a prudent conservative takes insurance. We should, in the words of Rupert Murdoch, give the planet the benefit of the doubt, given the dangers of climate change.‚Äù JWH 2007 üëá https://twitter.com/murpharoo/status/1196754756275884037¬†‚Ä¶",,,101,96,382,[]
1195820787229290496,turnbullmalcolm,2019-11-17,05:47:47,Great work Daisy!! https://twitter.com/MrsDzTB/status/1195788834643951617¬†‚Ä¶,,,17,8,119,[]
1192943194805166080,turnbullmalcolm,2019-11-09,07:13:16,üôèüôèüôè https://twitter.com/DiffuseEnergy/status/1192722494328721408¬†‚Ä¶,,,8,6,68,[]
1192942973803085824,turnbullmalcolm,2019-11-09,07:12:23,Great to see you üôè https://twitter.com/PowerLedger_io/status/1192733107717169153¬†‚Ä¶,,,6,10,73,[]
1192618624504258561,turnbullmalcolm,2019-11-08,09:43:32,Great visit to the Austrade Landing Pad in San Francisco with our Consul General Nick Nichles. Very impressed by all the Australian start ups we met. The landing pads were part of the National Innovation & Science‚Ä¶  https://www.instagram.com/p/B4liBG6FgZq/?igshid=fktmihpugxtm¬†‚Ä¶,,,18,15,135,[]
1189286534014484481,turnbullmalcolm,2019-10-30,05:03:00,"Key factor will be (1) zero emissions electricity, deliverable by renewables plus storage including pumped hydro  PLUS (2) electrification of the economy esp transport, heating, cooling. More transmission vital, so good to see recent announcements, much more needed. 2/2",,,46,17,155,[]
1189285408556961793,turnbullmalcolm,2019-10-30,04:58:31,Good call by @ScottMorrisonMP Govt to put an extra $1 billion into the @CEFCAus - worth recalling that it was the Abbott Govt‚Äôs policy to abolish it and that one of my first decisions in 2015 was to retain it. Good progress.  As far as  overall emissions reduction task: 1/2,,,137,43,327,"['scottmorrisonmp', 'cefcaus']"
1188962987698208773,turnbullmalcolm,2019-10-29,07:37:20,Fishing for compliments again!,,,6,0,39,['hughriminton']
1188125081769263104,turnbullmalcolm,2019-10-27,00:07:48,This would be a good move: 1 of 3  features of Australian elections worth emulating: Other 2 are compulsory voting &  independent setting of electoral boundaries. ‚ÄòIt makes elections fair‚Äô: New York to vote on system that may curb polarized politics https://www.theguardian.com/us-news/2019/oct/26/new-york-city-ranked-choice-voting-how-it-works?CMP=Share_iOSApp_Other¬†‚Ä¶,,,18,26,129,[]
1186969123412234240,turnbullmalcolm,2019-10-23,19:34:26,Congratulations William!,,,1,0,5,['dalrymplewill']
1184843929335795712,turnbullmalcolm,2019-10-17,22:49:40,The equity injection into Snowy Hydro by the Commonwealth is part of the financing of the total project not additional to it. Snowy will continue to pay dividends to the Cwth throughout the construction period. 2/2,,,1,0,1,['quentindempster']
1184843351926988800,turnbullmalcolm,2019-10-17,22:47:23,"Quentin, you are double counting. Snowy Hydro is a profitable and very valuable business as it stands today, so the cost of buying out NSW and Victoria is not part of the cost of building Snowy 2.0.  1/2",,,1,0,1,['quentindempster']
1184413631515189253,turnbullmalcolm,2019-10-16,18:19:49,Snowy Hydro has posted a detailed response to recent attacks. Snowy 2.0 will deliver more affordable low emissions energy. It will make renewables reliable. Its critics are doing the work of those who want to keep prices high and keep burning coal   https://www.snowyhydro.com.au/our-scheme/snowy20/faqs20-2/¬†‚Ä¶,,,84,26,185,[]
1184071273799925760,turnbullmalcolm,2019-10-15,19:39:25,Paul has acknowledged the $2 billion estimate was his - but it was not the basis on which the Government decided to proceed - that was the fully costed feasibility study.,,,2,1,2,['kenmcalpine']
1184066993034584067,turnbullmalcolm,2019-10-15,19:22:24,"..which estimated a cost of $3.8-$4.5 billion (in 2017 dollars). That was the basis on which the investment decision was made - a fully cost feasibility study, and the contracted prices are, for the reasons Paul Broad has set out, are consistent with that.",,,27,9,65,[]
1184066422017789954,turnbullmalcolm,2019-10-15,19:20:08,"The claim that the cost has ‚Äúblown out‚Äù is also nonsense. In March 2017, when I announced we were going to fund a feasibility study Paul Broad‚Äôs estimate was of a $2 billion construction cost. But we didn‚Äôt proceed on that assumption, we commissioned a full feasibility study..",,,12,6,70,[]
1184065377896144898,turnbullmalcolm,2019-10-15,19:15:59,"And of course there is also the coal lobby who know Snowy 2.0 and other projects like it will combined with renewables provide the affordable, despatchable power required.",,,9,3,60,[]
1184064820087271425,turnbullmalcolm,2019-10-15,19:13:46,"So if the Government does not build Snowy 2.0 it would not get built. In summary - the opponents of Snowy 2.0 are, wittingly or not, doing the work of vested interests in the energy sector who profit from the existing volatility and high prices.",,,3,8,54,[]
1184064436589477890,turnbullmalcolm,2019-10-15,19:12:15,"As for the feasibility study, it is all on Snowy‚Äôs website. The economics are very compelling, hence the IRR of 8%. As to the complaint about the Government building it - Snowy is an iconic national asset which could not be privatised.",,,9,3,63,[]
1184063764804571137,turnbullmalcolm,2019-10-15,19:09:35,"...Australia is a big flat, dry continent and we don‚Äôt have many locations where there are two existing adjacent reservoirs with big differences in elevation. That‚Äôs why I also pushed the ‚ÄúBattery of the Nation‚Äù plan with Hydro Tasmania.",,,9,4,68,[]
1184063160401223680,turnbullmalcolm,2019-10-15,19:07:10,"...centralised generation burning coal to decentralised zero emission renewables. As for the environmental impact, one of the biggest attractions of Snowy 2.0 is that almost all of the infrastructure will be underground, and no new dams need to be built.....",,,3,2,55,[]
1184062787049406464,turnbullmalcolm,2019-10-15,19:05:41,"The claim that the scheme is in the wrong place is ludicrous. Snowy Hydro sits between the two biggest centres of demand in NSW and Victoria. Of course transmission will have to be upgraded, as it will be right around the country as we move from high emission....",,,2,1,46,[]
1184062430047068160,turnbullmalcolm,2019-10-15,19:04:16,"Because VRE is zero marginal cost generation there are times in the day when electricity will be in over supply and other times when demand will exceed supply - so Snowy 2.0 will buy the electricity when its cheap, pump water uphill and then generate when demand is high.",,,4,1,50,[]
1184061662300692480,turnbullmalcolm,2019-10-15,19:01:13,"The decision to proceed with Snowy 2.0 has been based on extensive economic and engineering analysis including the feasibility study published in December 2017. The contracted costs, as Paul Broad has said, are consistent with that study.",,,6,2,47,[]
1184061397224841217,turnbullmalcolm,2019-10-15,19:00:10,"Pumped Hydro is the cheapest form of large scale energy storage. It is not new, has been around for more than a century, and is being built around the world. Variable Renewable Energy needs storage. It is the key to a clean energy future.",,,12,5,69,[]
